,0,1,2,3,4,5
0,-0.14406146,0.52240676,0.2149072,-0.07802231,0.4752012,-0.42764828
1,-0.28463843,0.23300245,0.5071574,-0.08341658,-0.013456166,0.013104748
2,-0.27556497,-1.5969504,0.6954687,-0.07404106,-0.4852976,0.34319302
3,-1.2540337,1.4629203,1.4965628,0.14291948,-1.9969269,2.3376007
4,0.8559099,1.0908533,1.0138961,-0.089843996,1.46428,-1.377339
5,-0.2778246,-0.37143597,0.17208809,-0.06989021,0.041173447,-0.1677751
6,-0.2811724,-0.8035862,-1.3732617,-0.078902714,-0.32931536,0.23728123
7,-0.280162,-0.75643975,-1.3070798,-0.07935879,-0.32765236,0.24032342
8,-0.33185425,-0.24467173,-0.34292755,-0.0702016,-0.8593638,0.8661181
9,-0.3607347,0.2500215,0.42371073,-0.07779304,-1.0929705,1.1512845
10,0.48811167,1.0799948,1.4958687,-0.065019675,1.2230527,-1.1413416
11,0.238634,0.49054465,0.24586132,-0.055522226,0.97220016,-1.0093595
12,-0.32032117,-2.1305637,-1.4421352,-0.06300542,-0.61159563,0.41824841
13,-0.08540383,1.141538,1.0647861,-0.07658724,0.64433765,-0.4635401
14,0.35352516,0.80452424,-1.1925249,-0.093168445,1.11102,-1.0659548
15,-1.6862597,1.1248173,0.16046622,1.465252,-2.0829341,2.4205956
16,-0.28973293,0.28314474,0.69086564,-0.07822433,0.0011673197,0.010789525
17,-0.3264176,0.38216388,-0.4925885,-0.057627223,-0.10280676,0.11200462
18,-0.31112072,-0.3583382,1.2088919,-0.061986275,-0.8119432,0.83916664
19,2.3036346,1.2475588,0.0025372133,-0.047428794,2.059034,-1.9954084
20,-0.37930626,-0.06241878,-0.5231032,-0.0936904,-1.0742624,1.123328
21,-0.33863795,0.16575429,-0.47221932,-0.06939284,-0.8897377,0.93364424
22,-0.2940827,-1.099663,-1.236513,-0.06742076,-0.7686248,0.66598165
23,-0.22943057,-0.17065477,-1.4434727,-0.07343836,0.1523574,-0.25728205
24,-0.29445857,0.5006973,1.0700637,-0.0790063,0.13275355,-0.090909466
25,0.49494582,0.92798275,1.2397624,-0.065461524,1.2243863,-1.1707629
26,-0.291707,-0.24547014,1.1416155,-0.05926049,-0.15048116,0.11093795
27,-0.28180078,-1.0154778,-1.0353664,-0.080546245,-0.36073762,0.25547516
28,3.4532254,1.3683859,-0.097513415,-0.032752104,2.3749712,-2.2815514
29,-0.3140894,-0.7602131,0.28803498,-0.06584075,-0.77651334,0.7292885
30,0.03191789,1.1443323,1.7609009,-0.065089144,0.8314409,-0.6906148
31,-0.467063,0.08972976,0.41082236,-0.12766886,-1.4498134,1.5498058
32,-0.3484719,0.095767446,0.725757,-0.07569618,-1.0977063,1.1544403
33,-0.16982359,0.4144194,-0.18178067,-0.07756418,0.48715356,-0.45100024
34,0.2923367,0.7704266,-0.26571095,-0.06499309,1.043492,-1.0062803
35,0.18134733,0.80044144,0.5941524,-0.052389003,0.94685316,-0.90627456
36,-0.22225617,0.26016656,1.1712186,-0.07081002,0.291632,-0.3081352
37,1.1949784,1.1175152,0.5457278,-0.054107018,1.6053814,-1.5414118
38,-0.32296577,-0.56704384,-1.2485784,-0.069706984,-0.92540205,0.88793826
39,0.049240906,0.4713938,-0.17712092,-0.055196054,0.77599907,-0.7909623
40,1.0414102,1.1769912,-1.072853,-0.054684706,1.5578227,-1.4630204
41,-0.4822814,0.42401728,-1.1032362,-0.07495437,-1.1839815,1.30822
42,0.9437962,1.0927473,-0.5467084,-0.06365246,1.5162753,-1.448694
43,-0.2243548,0.48279014,1.5077157,-0.074097164,0.29869342,-0.2632979
44,-0.2577846,-0.123175524,1.0041192,-0.08635782,0.051757224,-0.09225476
45,5.8519754,1.0761584,-1.8790992,-0.045860954,2.8208325,-2.8435879
46,-0.32191324,-0.77650297,-0.49911848,-0.075067155,-0.85909855,0.81567407
47,-0.28486922,-0.2690475,0.6373535,-0.056355655,-0.15318727,0.11373396
48,0.079194486,0.60188866,-1.0448624,-0.07146857,0.83353245,-0.8236277
49,0.26762146,1.2114508,1.613273,-0.057653017,1.045349,-0.92411625
50,-0.26714462,-0.15462047,-1.0807806,-0.06538813,-0.06554595,-0.0074262954
51,-0.16820191,0.038179047,-1.6960924,-0.0811767,0.37837073,-0.42723966
52,-0.26124832,-0.117668994,1.05601,-0.08638282,0.03290654,-0.07188885
53,-0.21385834,0.23904046,0.3119061,-0.069875434,0.3256441,-0.34687197
54,-0.28470725,-0.4284689,0.69435847,-0.08446281,0.0061513856,-0.11398552
55,-0.624929,0.6972572,0.78455013,-0.06123174,-1.4227833,1.5969162
56,-0.17500442,0.12922654,-1.212571,-0.07075946,0.42848983,-0.44886944
57,-0.27592716,-0.60830915,0.5657768,-0.06404208,-0.24478716,0.17716554
58,0.47092474,1.103096,1.3866701,-0.06173841,1.2100587,-1.1187083
59,2.940096,1.3369718,-0.71775144,-0.039294787,2.2590554,-2.178135
60,-0.642378,0.6194068,0.81149757,-0.09779305,-1.6282781,1.8206164
61,0.0666935,0.51860243,-0.82527715,-0.06858998,0.81280375,-0.8208692
62,-0.47970164,0.4130287,-1.1556516,-0.075951524,-1.1930622,1.3178426
63,-0.359919,-2.6043265,-1.7447051,-0.059016548,-0.6592623,0.42808014
64,3.5853903,1.3925947,-0.8667215,-0.031451292,2.4081097,-2.3072405
65,-0.06485513,0.68890864,-0.94754964,-0.067332484,0.65201664,-0.5947329
66,-0.26428804,-0.489806,0.3073427,-0.07717164,-0.26105028,0.20253031
67,0.5937063,0.69174796,-1.4283344,-0.09467069,1.2358711,-1.2356063
68,-0.33099872,-0.42548692,-0.2659489,-0.07101493,-0.8549348,0.8460539
69,1.8137971,0.96274287,0.68701077,-0.069942184,1.8252192,-1.8272325
70,-0.21379995,0.426981,1.2703737,-0.076427,0.3170855,-0.30720067
71,-0.1863946,0.45917395,-0.91176754,-0.07949066,0.40490165,-0.37172508
72,-0.23345943,0.33031777,1.1091354,-0.07828957,0.27455944,-0.27715844
73,-0.11202507,0.28095177,0.63924,-0.075960696,0.5329282,-0.5517689
74,-0.31388223,-2.096945,-1.3475978,-0.06382988,-0.62027955,0.42800754
75,-0.27369475,-0.8882708,0.058172487,-0.083950005,-0.24583688,0.15577665
76,1.2178569,1.1746066,0.9315549,-0.065996,1.6173526,-1.5554625
77,-0.23431797,0.42071027,1.0756719,-0.08162847,0.27488294,-0.26418856
78,1.4796996,1.5626065,-0.21543375,-0.007491119,1.7930217,-1.599547
79,-0.27441436,-0.78411263,-0.31463423,-0.08520627,-0.37338102,0.29650113
80,-0.2551292,0.31162262,-0.9888333,-0.06378806,0.15908173,-0.1636541
81,0.09132145,0.6056364,-1.2903874,-0.0751226,0.8441547,-0.8329048
82,-0.30595574,-1.1511984,-0.68319285,-0.07669361,-0.78647697,0.69822806
83,-0.27257615,-1.1633463,1.3166971,-0.07400328,-0.45376202,0.37043557
84,-0.321431,-2.8883677,-0.52996784,-0.072022416,-0.7197621,0.47813755
85,-0.3329543,-3.481448,-0.26251784,-0.05679872,-0.77434504,0.48827308
86,-0.23582323,0.5066537,0.51358235,-0.07763755,0.23659274,-0.20718771
87,-0.19004248,0.51225114,-0.71323556,-0.08115057,0.40795463,-0.36536017
88,-0.36213017,0.07038442,-0.82653934,-0.08822713,-1.0217437,1.0730659
89,0.48181725,0.8852809,1.2164496,-0.06616745,1.2121819,-1.1670644
90,0.031683687,0.533234,0.8617718,-0.059541278,0.75434554,-0.7539714
91,-0.30879772,-1.0317649,-1.2258887,-0.061901487,-0.8903794,0.801396
92,0.5837561,1.0720197,0.36366358,-0.04000569,1.2605954,-1.1821684
93,-0.32542536,-0.31047451,1.0425816,-0.0655861,-0.9622321,0.98853314
94,-0.30668658,-0.53790915,1.4585333,-0.06620743,-0.77459514,0.78300583
95,-0.11024985,0.61306417,1.2160051,-0.08109284,0.52496636,-0.47582227
96,-0.2838212,-0.123649664,1.430311,-0.060479276,-0.21404994,0.21017987
97,-0.29871148,-2.017936,-1.0370951,-0.07081882,-0.5707115,0.38332766
98,-0.019022401,0.9040671,-0.71362567,-0.057531305,0.69395816,-0.5928253
99,-0.30609024,-0.61011815,0.9533535,-0.05667617,-0.8272114,0.80827254
100,0.11563279,0.7259931,-1.2271675,-0.072476424,0.883232,-0.8492851
101,-0.26479194,-0.19096053,0.9372442,-0.086354226,0.04238443,-0.09620868
102,-0.31592232,-0.5457861,-1.4500223,-0.06669334,-0.8997681,0.8559867
103,-0.25382188,0.4177278,-0.85844773,-0.05274056,0.19651234,-0.16949803
104,0.026952144,0.60575354,1.078192,-0.061815776,0.75277936,-0.72726977
105,-0.2896068,-1.4718823,-0.008431397,-0.084385246,-0.5363002,0.41306204
106,-0.29302388,-1.2267164,-1.4631951,-0.061194427,-0.7799455,0.65847003
107,-0.008082302,0.6754871,0.37926322,-0.0533875,0.7050551,-0.6707165
108,-0.2926152,-1.5154628,0.23071602,-0.08339743,-0.5181464,0.3928473
109,-0.0070378706,0.38095263,0.7156392,-0.06560858,0.69473314,-0.71608067
110,-0.2693589,-1.31785,0.7159187,-0.071139626,-0.44561896,0.3228956
111,-0.28302187,0.22813669,1.5203373,-0.06494031,0.09175871,-0.06769492
112,-0.2953058,-1.4474841,-1.3334632,-0.060671106,-0.81507075,0.6768214
113,-0.27782038,-0.30019924,0.4462159,-0.076477334,-0.015076585,-0.07276924
114,-0.85589004,0.80448353,-0.31856754,-0.046760626,-1.682655,1.9231291
115,3.6061306,1.1273794,-0.96794826,-0.058986492,2.3515275,-2.3255103
116,-0.2948527,-1.1172806,0.29065096,-0.07737915,-0.5444803,0.4540295
117,-0.21998371,-0.14153615,0.64809704,-0.069697455,0.23135814,-0.3311308
118,-0.19988512,0.46459624,0.92249835,-0.079315886,0.332895,-0.31907988
119,-0.26654127,-0.2506421,-1.2927542,-0.061222173,-0.068835154,-0.014691833
120,2.0467236,1.385679,-0.636605,-0.03526873,1.9802046,-1.8665687
121,-0.27225873,-1.3066341,0.62263143,-0.07388511,-0.4358113,0.31556463
122,-0.09222914,0.74817073,1.6218485,-0.07760333,0.52626884,-0.47586405
123,-0.24437341,0.18666765,-0.8346341,-0.0957913,0.12659258,-0.17635696
124,-0.283362,-0.0077446997,1.4771626,-0.06574975,-0.16219959,0.15921524
125,-0.16209462,0.38291958,0.061578177,-0.072954506,0.47391877,-0.44571647
126,-0.03984664,0.5346121,-1.1887598,-0.07237818,0.6646682,-0.64310807
127,-0.21724255,0.48041013,1.5483761,-0.07056408,0.3112844,-0.27947
128,-0.30227676,-0.948225,-0.8612129,-0.0757195,-0.76632965,0.6915279
129,-0.3030172,-0.77851033,0.75795263,-0.05327826,-0.84255254,0.7906338
130,-0.8849273,1.0074118,1.2731235,-0.034915097,-1.7899429,2.0846457
131,0.055471886,0.7151751,0.694631,-0.056029417,0.7984457,-0.76016474
132,-0.621572,0.459179,-0.94795144,-0.109194525,-1.5521322,1.7406372
133,0.0007246621,0.40664122,0.8110848,-0.065449424,0.70107734,-0.7178391
134,-0.28061354,-0.37018126,0.77917576,-0.08574579,0.015990697,-0.11028974
135,-0.43179864,0.36834425,-0.24361667,-0.09946815,-1.159074,1.2632976
136,0.907596,1.1163144,0.047059946,-0.058262713,1.504615,-1.4208144
137,-0.3556344,-0.17755792,-0.60913765,-0.082598366,-1.0150342,1.042777
138,-0.3607448,-2.8086593,-1.5897541,-0.057413302,-0.6903907,0.45210683
139,0.19552858,0.5505859,0.905161,-0.046621747,0.9394735,-0.96906424
140,0.30156404,0.87160635,-0.016960151,-0.049618788,1.0385737,-0.97935534
141,-0.41525075,0.10810978,-0.42152902,-0.10725621,-1.1590211,1.2392976
142,-0.10954875,0.5453058,1.2752187,-0.07179076,0.513837,-0.48650026
143,-0.33716258,-0.4187821,0.05848504,-0.06570477,-0.9368713,0.93245757
144,0.08169393,0.68479,-0.36960158,-0.054247893,0.8210503,-0.7890123
145,-0.3309153,-3.8493738,0.41170397,-0.054894798,-0.84456694,0.53051513
146,-0.3656672,-0.3391544,-1.1580241,-0.086518146,-1.0894777,1.0979996
147,-0.2749097,0.109529085,1.3813102,-0.073780626,0.057451233,-0.053408552
148,-0.30941436,-0.3793724,0.77298486,-0.058676295,-0.83809924,0.83307236
149,0.12819426,0.4993219,-0.8509463,-0.06861126,0.88491905,-0.9092572
150,-0.29531834,-0.27149376,1.4231907,-0.060336493,-0.16907242,0.13022208
151,-0.3117127,-1.1075836,-0.99601257,-0.06604924,-0.88464737,0.7954491
152,-0.3629225,0.013667382,-1.1705058,-0.08380676,-1.0355054,1.075583
153,-0.26605767,0.50118744,-0.70784295,-0.039472677,0.18531021,-0.13383213
154,-0.17457345,0.16966602,-1.2393862,-0.071455464,0.42889014,-0.44197205
155,-0.27131692,-0.31808037,-1.0033014,-0.072989024,-0.1288749,0.044590857
156,-0.23087953,0.078798525,0.96359634,-0.06764062,0.26544565,-0.3159685
157,-0.32867295,0.5056159,0.68256986,-0.059091754,-0.10399014,0.14809544
158,-0.28513956,-1.4995717,-0.52819794,-0.08591544,-0.57627785,0.4468755
159,-0.31251818,-1.1610925,0.2693157,-0.07304648,-0.72419167,0.6420163
160,0.03717808,0.987786,1.5102068,-0.06444932,0.81167865,-0.705245
161,-0.011280309,0.6728026,-0.0064279363,-0.046496026,0.69686735,-0.6504209
162,-0.2853789,-1.0927906,-1.5883267,-0.07459974,-0.35352036,0.23026818
163,-1.2711807,0.9217153,-0.7440056,0.26658398,-2.0413158,2.3451633
164,-0.218287,0.31101763,1.1356556,-0.074322104,0.30231088,-0.31483477
165,-1.3186766,0.8203514,-1.3780884,0.40760255,-2.0959318,2.3848305
166,-0.28242087,-0.90775055,-1.5556952,-0.07662183,-0.33267733,0.22588548
167,-0.02707133,0.53004074,-0.16786954,-0.053648405,0.68083084,-0.6676813
168,-0.2738892,-1.126631,1.3407207,-0.073871344,-0.46448925,0.38607502
169,-0.23930435,0.30815172,0.74045575,-0.078777455,0.25212398,-0.2697768
170,-0.29024103,-0.26972514,-0.2560089,-0.0761475,0.08095414,-0.19901097
171,-0.2828467,-1.0031784,0.11868306,-0.08364445,-0.39710814,0.30778694
172,-0.2967946,-1.9286529,-1.1065278,-0.069071814,-0.5879997,0.4061997
173,-0.031965036,0.9160337,-0.65498275,-0.056251027,0.6725848,-0.56698006
174,-0.43508685,0.3787576,0.2670137,-0.09889845,-1.2503375,1.34931
175,-0.22455531,0.1165861,-0.31327942,-0.07110198,0.34527373,-0.37018463
176,-0.9292239,0.99516076,0.2588764,0.041919343,-1.5978006,1.8317441
177,-0.28357667,-0.7918968,0.17693356,-0.08104935,-0.39213705,0.32085663
178,-0.31167057,-0.9506117,0.41435608,-0.0642042,-0.7945061,0.7301909
179,2.1884198,0.827884,-1.8226519,-0.075265236,1.9070892,-1.9550333
180,-0.30952847,-0.46273884,1.5344166,-0.06999651,-0.7833483,0.8012773
181,0.96640986,1.1635818,-0.65164155,-0.053287394,1.5362562,-1.447451
182,-0.22963144,-0.044544958,-1.3578811,-0.07813094,0.14945818,-0.23553672
183,-0.31208465,-2.0594149,-1.3469994,-0.0642335,-0.6114279,0.4214983
184,-0.18004952,0.25613448,-0.7422836,-0.074434415,0.45081154,-0.4469026
185,-0.32560858,-0.27130726,0.74418485,-0.0643838,-0.9846426,0.9946604
186,-0.27805588,-1.6390718,0.63221663,-0.076461345,-0.4810355,0.3367777
187,1.601695,0.73423815,-1.9040653,-0.08150137,1.6741471,-1.73095
188,-0.22442424,0.18677476,-0.028657354,-0.06936991,0.32560045,-0.34655717
189,-0.29468048,-2.0185714,-0.81457824,-0.0762023,-0.5529305,0.3691089
190,0.023645107,0.2990905,-0.62203777,-0.061030634,0.7691759,-0.82167006
191,-0.45094043,0.39316335,-0.6577097,-0.09589902,-1.1592914,1.27468
192,-0.098007515,0.7229716,1.5562404,-0.077177756,0.52535546,-0.47559422
193,-0.044260975,0.14260927,-1.8428043,-0.0649271,0.57873046,-0.61939245
194,-0.2611523,-0.115421884,0.16902462,-0.08447097,0.048888154,-0.14306828
195,-0.32882375,-0.036288552,1.3764136,-0.07409678,-0.91949975,0.9912834
196,-0.29812315,-1.5984976,-1.4614997,-0.05768706,-0.7709756,0.6147889
197,-0.13526298,0.12692702,-0.65195227,-0.06874691,0.55441976,-0.58420724
198,2.1874795,1.4221983,-0.7168561,-0.030228384,2.0368197,-1.9162053
199,-0.041066747,0.14078167,-1.8590099,-0.065318845,0.57848144,-0.6217735
200,-0.268356,-0.25410607,0.3159424,-0.08089863,0.045032747,-0.1465557
201,0.027303007,0.40343195,0.54739434,-0.05491977,0.7357639,-0.775036
202,-0.29885682,-0.46260643,1.1827294,-0.057490036,-0.17585266,0.113782495
203,-0.31102905,-0.5943582,-0.44540605,-0.0766458,-0.72874403,0.69299847
204,-0.1821929,0.19359663,-0.70537025,-0.07335263,0.44469458,-0.45249432
205,-0.6329449,0.80986243,1.6221982,-0.06479085,-1.4415373,1.6485909
206,-0.28717434,-1.2168672,-1.4385176,-0.07653583,-0.36937615,0.24176368
207,-0.26651803,-0.3646318,-1.5162013,-0.057764575,-0.08046706,-0.015033428
208,-0.2812645,-1.0033981,-0.97312605,-0.080943525,-0.36286065,0.2594192
209,3.6864119,1.0810117,-1.6100993,-0.061611958,2.3587296,-2.345343
210,-0.31198794,-1.2172184,-0.38795355,-0.078987494,-0.7928443,0.70624536
211,-0.37977576,0.36161143,0.7513076,-0.079693414,-1.1395801,1.2338357
212,-0.34868675,-3.2288532,-1.0611856,-0.05104611,-0.7369242,0.4742139
213,-0.23104022,0.08074761,-1.3938069,-0.076446585,0.14020754,-0.19957884
214,-0.293973,-0.4928597,0.8097689,-0.05510938,-0.17632353,0.11227834
215,-0.27691165,-0.85462475,-0.60244524,-0.08138101,-0.2690312,0.17667536
216,0.17393374,0.49031106,0.54479915,-0.04663252,0.91100395,-0.9579897
217,-0.40362382,0.08563013,0.72512406,-0.0994939,-1.2869778,1.362467
218,-0.5427855,0.56997,0.9864477,-0.08785535,-1.4249829,1.5914773
219,4.7205343,1.2575054,-1.4712589,-0.042466827,2.6166532,-2.5466447
220,-0.25960025,0.2725054,-0.3157411,-0.079678275,0.2094843,-0.22261472
221,0.33593825,0.88085055,-1.1586907,-0.089179344,1.1028692,-1.0405279
222,-0.32440045,-0.18913493,-0.9720378,-0.07445819,-0.8969605,0.9032124
223,-0.1739703,0.7317045,-0.64955306,-0.069239385,0.43551055,-0.34178692
224,4.1669464,1.2484928,0.93115914,-0.05031366,2.4720104,-2.4421968
225,-0.26940885,-0.71106267,0.6345662,-0.06987299,-0.3957042,0.33050597
226,-0.7260795,0.5277025,-0.61179703,-0.12084062,-1.7406815,1.9728149
227,-0.28432593,-1.2256422,-1.0095072,-0.08034635,-0.37867993,0.256347
228,-0.30130655,-0.9603566,0.42524937,-0.058591247,-0.23137936,0.11840734
229,-0.2766476,0.3119478,0.848132,-0.068347305,-0.12477775,0.15783933
230,-0.29809266,-2.0307739,-1.0256318,-0.06810715,-0.6381289,0.44970086
231,-0.28198195,0.17385226,1.3245325,-0.07006858,0.0927756,-0.07992877
232,-0.32418784,-0.12329366,-0.83556974,-0.07243449,-0.87993526,0.89256465
233,-0.23145302,0.6254385,0.5544163,-0.080149256,0.24402605,-0.1887335
234,-0.28467727,-2.2063365,1.5781537,-0.061718114,-0.75138724,0.5860561
235,0.123005375,0.39706126,-0.7528434,-0.06645151,0.8778918,-0.9262227
236,-0.26651502,-0.3995869,-1.4570644,-0.058762647,-0.072672024,-0.03144071
237,-0.28373438,-1.3970479,0.3336299,-0.0834077,-0.42419276,0.30277282
238,-0.15833923,-0.08470415,-0.31433728,-0.07196671,0.522812,-0.5814393
239,1.8239723,1.1193167,1.0689123,-0.063811965,1.8383993,-1.8359503
240,-0.1324408,0.53907585,0.5159445,-0.081916355,0.48331955,-0.4403333
241,-0.11067107,0.5094711,1.24338,-0.0702738,0.5089612,-0.4893332
242,0.3616878,1.0050389,-1.0158376,-0.0765572,1.1242076,-1.0367414
243,-0.30802608,-0.48595506,1.5571823,-0.0701492,-0.77009153,0.78478557
244,-0.6654752,0.46161804,-1.5019482,-0.030913003,-1.5451752,1.7348346
245,-0.26778162,0.018580265,-1.0416772,-0.06671022,-0.083646625,0.041948106
246,-0.321811,-0.19421712,-0.9880894,-0.07345582,-0.8866693,0.89072156
247,-0.29614496,-1.8921041,-0.66972923,-0.07320231,-0.7603028,0.59623533
248,2.993743,1.2211177,-0.7378731,-0.05110187,2.2437708,-2.195243
249,5.273307,1.3241644,0.7671174,-0.05451519,2.7119386,-2.6622922
250,-0.35148984,-2.9287038,-1.190295,-0.062450666,-0.70526326,0.46433407
251,-0.29834366,-1.0880208,-1.0581428,-0.07053069,-0.7758149,0.6807436
252,0.27243537,0.44393364,-1.403595,-0.081757404,0.99278784,-1.0278064
253,-0.31096944,-3.2381115,0.5771858,-0.08574929,-0.798977,0.5429536
254,-1.9447415,1.0249027,-1.069031,3.535703,-2.1836212,2.4787412
255,0.43808106,1.0485247,-0.084730156,-0.04796896,1.1569642,-1.0633959
256,-0.14063765,0.66789097,-0.038807236,-0.07959474,0.47726473,-0.39423445
257,-0.19204031,0.5169464,0.27235577,-0.0776506,0.3477656,-0.3070901
258,-0.527485,0.5342197,0.4453803,-0.07814971,-1.3334883,1.4569098
259,0.45413202,1.0992292,0.10455691,-0.038731374,1.1610483,-1.0570291
260,-0.30498067,-1.0013818,0.68050003,-0.0561224,-0.8384633,0.7665818
261,-0.29883793,-0.78490835,0.32934186,-0.060604595,-0.20227754,0.10433389
262,-0.2516518,-0.00083424896,-0.52866966,-0.08798835,0.18528754,-0.25816727
263,-0.13904017,0.17766225,0.6754072,-0.067994095,0.46489933,-0.51352125
264,7.297561,1.6653173,0.119131826,-0.015742727,3.226109,-3.0549147
265,-0.22114849,0.38902286,1.4343545,-0.07024429,0.30018926,-0.28397915
266,3.4645844,1.6010264,-0.21944079,-0.008952685,2.4307528,-2.271552
267,-0.29023147,-1.6744102,-0.8173282,-0.07872506,-0.580734,0.4293797
268,2.475155,1.0734605,0.889415,-0.057489224,2.0737486,-2.0763538
269,-0.26728827,-0.49652138,-1.6986549,-0.05617687,-0.09890169,-0.011506651
270,-0.27454856,-0.7970309,1.6258237,-0.07733469,-0.41251412,0.36735645
271,-0.23422292,-0.26795623,-1.8631082,-0.047963835,0.11175972,-0.21288405
272,-0.2867126,0.5356362,1.9480641,-0.0766702,0.08998938,-0.040025864
273,-0.2706622,-0.5753317,-1.4925425,-0.06464359,-0.12480162,0.00019749627
274,-0.07258348,0.630245,-0.97606283,-0.069319494,0.6424079,-0.59828615
275,-0.33013344,-0.03663584,1.1332314,-0.06981475,-0.95506036,1.0191916
276,-0.35819173,0.38963303,2.0633304,-0.093543,-0.89660454,1.016358
277,-0.17382114,0.3761963,-1.335025,-0.07076691,0.41997188,-0.39629722
278,-0.40326104,0.38718763,-0.63267505,-0.07883138,-1.0169041,1.1024503
279,-0.30503055,-1.6935811,-0.19573167,-0.08222008,-0.7404772,0.6095787
280,-0.3004929,-0.9140073,0.99256194,-0.05277183,-0.8180678,0.7666903
281,-0.24382152,-0.12322336,-1.0520468,-0.083213314,0.15994507,-0.2614562
282,0.26326898,1.2685384,1.7290657,-0.057699777,1.0500426,-0.9174224
283,-0.29726315,-1.4814956,-0.8006134,-0.07368617,-0.75712514,0.629979
284,-0.3508581,-0.45783058,-0.96228796,-0.08139337,-1.0290413,1.0231987
285,-0.1734673,0.2833294,-0.004806645,-0.07331269,0.471355,-0.46371517
286,-0.37047592,-0.008055769,-1.3059131,-0.081127174,-1.0541378,1.0923032
287,-0.30884704,-0.41378537,0.7810483,-0.058255948,-0.8374748,0.8290471
288,-0.40098202,-0.060454212,-0.10217092,-0.10001201,-1.1550764,1.2136022
289,-0.30259869,-0.9427229,0.7326175,-0.053884692,-0.8399874,0.77167356
290,-0.2300575,0.6383398,0.99516785,-0.08046149,0.2691143,-0.2186108
291,-0.45288685,0.3397789,-0.31833896,-0.109833516,-1.2220446,1.3383285
292,-0.30594948,-1.1566352,0.67592525,-0.05827844,-0.8365755,0.75224864
293,-0.23014809,0.05786579,0.925056,-0.0675202,0.26396784,-0.31953982
294,-0.17632788,0.38602307,-1.2666981,-0.07665846,0.41096705,-0.3899656
295,1.1683193,1.601901,1.2613112,-0.012991495,1.6387497,-1.4670097
296,-0.3029468,-0.67710465,1.1825755,-0.056371108,-0.786147,0.774707
297,0.48409134,1.318069,1.631018,-0.05938626,1.2274133,-1.0940809
298,1.4045206,1.2159446,0.38531068,-0.041181512,1.7101287,-1.6167305
299,-0.28507274,-1.4657602,0.5003206,-0.07705474,-0.50943065,0.38393816
300,-0.28931516,-1.3452523,-0.26153594,-0.08442767,-0.5731938,0.46070224
301,0.11532389,1.220667,0.5902676,-0.034488477,0.87729216,-0.72670007
302,-0.2970807,-1.0049939,-1.0722498,-0.07163105,-0.7600728,0.6720857
303,-0.66325605,0.45921323,-1.5194486,-0.027250655,-1.5352345,1.7234858
304,-0.27166125,0.110176645,-0.16543037,-0.08794731,0.08792993,-0.1468554
305,-0.34666234,-0.059455626,0.100323044,-0.073278315,-1.0093528,1.0388335
306,-0.33591864,-0.14820865,0.3200744,-0.06737537,-1.0066174,1.0220977
307,-0.2726087,-0.2866155,0.6684309,-0.066763595,-0.37969923,0.36359438
308,-0.32963485,-0.0009051785,0.24144587,-0.06627155,-0.9266306,0.9507364
309,1.9955467,1.0785772,-0.182883,-0.066776045,1.9143033,-1.8914391
310,-0.32315564,-0.6685615,0.025258474,-0.07239145,-0.7626673,0.7280944
311,-0.3307894,-0.023050241,1.5010116,-0.078288294,-0.92539346,1.0005667
312,-0.33134407,-0.78626907,-0.03039182,-0.072002806,-0.8475776,0.80870533
313,-0.29867634,-0.48063582,1.1221464,-0.05702102,-0.1755453,0.111197025
314,-0.25894725,0.48989365,-0.7480016,-0.043147676,0.20354146,-0.15521477
315,-0.13815616,0.066831715,0.27934012,-0.06995317,0.50284433,-0.563978
316,0.31083977,0.8596453,-0.44899595,-0.06551025,1.0647938,-1.0084081
317,0.119860634,0.99813384,-0.0038735345,-0.033288784,0.855677,-0.7537499
318,-0.26485258,-0.26117152,0.52047884,-0.08751028,0.04325135,-0.13846739
319,-0.36242968,0.36715266,1.1705031,-0.0750326,-1.0759977,1.1931808
320,-0.3771004,0.12648135,-0.7918394,-0.09376941,-1.0583962,1.1215688
321,-0.51215243,0.4780508,-0.82779634,-0.07860655,-1.2008795,1.331318
322,-0.17184857,0.40796074,-1.2922748,-0.0722009,0.4284517,-0.39925542
323,-0.2800006,-0.12011429,0.60192424,-0.05839251,-0.14492077,0.12133378
324,-0.11570907,0.52413744,1.0187893,-0.082617514,0.5102209,-0.4779707
325,-0.31769493,-0.5485324,-1.5078784,-0.06707097,-0.9093375,0.864839
326,-0.35351846,-0.35086685,0.5241792,-0.07830752,-1.1275843,1.1358057
327,-0.2697987,-0.59476376,-1.10193,-0.06933715,-0.1325736,0.019216087
328,-0.34690028,-0.19659984,0.7650722,-0.075748004,-1.1250806,1.152449
329,0.062623575,0.48490456,-0.61709887,-0.064740695,0.8028784,-0.818056
330,-0.3084001,-0.9223178,-1.5998602,-0.060308956,-0.8980932,0.810587
331,-0.2530378,0.36085317,-0.960179,-0.05522033,0.18228865,-0.16955523
332,0.64721787,1.3770589,-0.32774755,0.00017242879,1.3438213,-1.1941901
333,-0.27218655,0.5629079,-0.5608587,-0.037569955,0.18372168,-0.118618816
334,-0.30401757,-0.8316068,-0.76209646,-0.07895181,-0.75557995,0.6953393
335,0.1689933,0.62275136,0.23103717,-0.047035,0.9103775,-0.91773844
336,-1.0265087,0.65738696,-1.2503316,0.119618945,-2.000678,2.2668386
337,-0.4481874,0.4761701,1.0500438,-0.08002726,-1.2510225,1.3887589
338,-0.4224397,-0.032425545,-1.4492624,-0.07906277,-1.1991047,1.2547293
339,-0.24370182,0.183146,0.36893722,-0.069928855,0.23609519,-0.27151072
340,-0.08425079,0.89319795,1.1252651,-0.08138568,0.6114155,-0.4911807
341,-0.3017999,-1.9761868,0.65661407,-0.07253389,-0.72796977,0.571641
342,0.08356188,0.6896883,-0.4090764,-0.055012785,0.82429576,-0.7914748
343,-0.17741694,-0.0064576194,-1.0650061,-0.06885199,0.4256725,-0.47129372
344,-0.32877707,-0.5017307,-0.7389553,-0.074175544,-0.9303707,0.9142075
345,-0.3347391,0.17057303,1.3151011,-0.07615469,-0.9495963,1.0447627
346,-0.7423679,0.8918421,1.488185,-0.053563304,-1.6029764,1.8519527
347,-0.29670078,-1.1295635,-1.1464325,-0.068385474,-0.779351,0.6772904
348,-0.29059815,-1.8992599,-0.59513485,-0.0831341,-0.5369834,0.3692221
349,-0.27038535,-0.78939193,-0.58005434,-0.074544355,-0.15409134,0.043041896
350,2.009068,1.4455856,-0.1597844,-0.02416379,1.9770484,-1.8410686
351,-2.2936156,0.8699176,-0.91659665,16.633184,-2.3727136,2.6890278
352,-0.3112678,-0.24824896,0.68946195,-0.05990296,-0.8422053,0.8463846
353,-0.21167056,0.53627306,1.531635,-0.07542973,0.3238078,-0.2892254
354,-0.2571067,-0.07690034,1.0819254,-0.08460215,0.054659512,-0.08608411
355,-0.24128184,0.31567657,0.58001757,-0.07592103,0.236803,-0.2507361
356,1.7384933,1.1766971,0.42014065,-0.04742951,1.8314762,-1.7635053
357,-0.27849755,-0.8422091,0.24473527,-0.07859883,-0.25254712,0.16389601
358,-0.28167704,0.17332414,1.3684508,-0.06912236,0.09084785,-0.07721588
359,1.4038988,1.1863369,0.34440833,-0.045162328,1.7055616,-1.6217619
360,-0.2693277,0.04437682,1.0438166,-0.07842384,0.07880474,-0.09196097
361,0.7690319,0.983028,0.8523358,-0.07390035,1.4109708,-1.3481859
362,-0.2923845,-1.7419294,-0.9240712,-0.075164035,-0.591025,0.4310232
363,-0.2979918,-1.5220919,-0.72670805,-0.074932456,-0.75481236,0.6259328
364,1.1033894,1.0888871,-0.94372493,-0.060353763,1.5744784,-1.5139548
365,-0.193365,0.24967769,-1.0357448,-0.073756404,0.37980217,-0.38278294
366,-0.5083108,-0.08396026,-2.0286293,-0.068800874,-1.4172684,1.4922589
367,-0.32578298,-0.38119015,0.40889975,-0.06267779,-0.9464859,0.9374434
368,-0.47442567,0.43013674,-0.34848192,-0.089631595,-1.1636411,1.2807645
369,-0.21714035,0.5579261,1.6727358,-0.06960548,0.31191033,-0.26622352
370,-0.18793997,0.32908317,-1.0623451,-0.075840764,0.39212412,-0.38141742
371,-0.25283396,0.52771646,-0.54177415,-0.068562835,0.2241915,-0.1827196
372,-0.16564396,0.7845306,-0.5149996,-0.06791208,0.443546,-0.33742106
373,-0.32622695,-0.4898758,-0.992257,-0.07245038,-0.9262819,0.9039811
374,-0.29122955,-0.84840566,0.56986666,-0.058593363,-0.24954545,0.15318888
375,-0.3071502,-0.9943688,-0.62524664,-0.07949012,-0.77430487,0.7032179
376,-0.2806198,-0.88144296,-1.4834565,-0.07567221,-0.30695537,0.19843285
377,-0.2640211,0.046572007,-0.3255529,-0.09035313,0.09207962,-0.16190198
378,-0.25526363,0.36115977,-0.94898814,-0.054827943,0.1754314,-0.16294073
379,-0.28299564,0.23701909,1.5769498,-0.06333446,0.08694961,-0.06051017
380,-0.33314174,0.07167425,1.6532134,-0.084630184,-0.9188528,1.0052801
381,0.23915999,1.0407575,1.5971228,-0.06251044,1.0160949,-0.932538
382,-0.28410786,-2.2617712,1.477488,-0.05916167,-0.7543057,0.58205193
383,-0.12314248,0.21264172,0.83574873,-0.06525563,0.47886637,-0.52522385
384,-0.2741497,-0.9149621,1.5443841,-0.078112096,-0.4257361,0.36855373
385,1.6001507,1.3342692,-0.70647264,-0.03593708,1.8071306,-1.6933213
386,-0.22464018,-0.24227023,-0.67009914,-0.07966816,0.28492844,-0.39128974
387,-0.29776967,-2.4072814,0.83371264,-0.07287048,-0.735278,0.5407164
388,-0.23785172,-0.40005946,-2.0556104,-0.04382401,0.08440444,-0.22537215
389,-0.30289376,-1.9885546,-1.2031827,-0.06727075,-0.5907798,0.40485185
390,3.1276934,0.87561816,-0.95358706,-0.086754985,2.192617,-2.2409186
391,-0.60594314,0.53611785,-0.4302169,-0.09503145,-1.3822376,1.5559022
392,-0.30687296,-2.0088825,-1.2896104,-0.065173596,-0.60732317,0.42001677
393,4.3026247,1.2945087,0.7817767,-0.0423382,2.5173476,-2.466424
394,-0.8943105,1.0538114,1.4662337,-0.027882107,-1.7782375,2.075187
395,0.025955383,0.47864553,0.8592489,-0.061431564,0.736966,-0.74728274
396,-1.2768526,0.7540726,-1.5734626,0.38840854,-2.0936873,2.3758621
397,-0.27081504,-0.15685263,-1.0195221,-0.071854845,-0.11417535,0.047156986
398,2.1913009,1.4861133,-0.5815716,-0.024894662,2.0525725,-1.9142257
399,-1.5743965,1.1754291,0.4831178,0.8888926,-2.054156,2.3923955
400,0.15292247,0.7483032,-0.5637541,-0.056963272,0.9142842,-0.8794911
401,-0.27130744,-1.1790403,1.2224529,-0.072505854,-0.4458618,0.3592092
402,2.3802505,1.1605479,0.5164994,-0.052028902,2.0726829,-2.035774
403,-0.0958963,0.44389084,0.87699425,-0.08106644,0.55320406,-0.5369943
404,-0.37518662,0.10858936,0.4620861,-0.08527044,-1.156543,1.2111409
405,1.2134196,0.7793379,0.20507231,-0.053395875,1.5739244,-1.6161386
406,-0.28962964,-0.25034705,1.3407328,-0.059403606,-0.19856703,0.17254165
407,0.55441886,0.7855989,-0.18267095,-0.07705856,1.2643379,-1.2341763
408,-0.29298133,-1.1394442,-1.323782,-0.065081485,-0.7766006,0.66741526
409,0.7851918,1.369594,1.1529368,-0.058316834,1.4249039,-1.2795731
410,-0.26940492,-1.0438943,0.9444314,-0.06922786,-0.42133576,0.3410138
411,-0.34136003,-0.46462688,0.14069358,-0.06682231,-0.9993752,0.99327946
412,-0.30997002,-0.8293618,-0.5335431,-0.07807795,-0.7630725,0.70740956
413,-0.24927695,0.20447558,-1.1513227,-0.07443085,0.14070623,-0.1750616
414,-0.88821995,0.94430274,0.76996416,-0.05262143,-1.8291005,2.0937784
415,-0.2515635,0.38780448,-0.90010554,-0.05745446,0.19378048,-0.17605463
416,-0.3134227,-0.5654724,-0.33022588,-0.07574097,-0.72322226,0.6912267
417,-0.25138626,0.274241,-1.0977626,-0.061993122,0.16110352,-0.17197663
418,0.16832924,0.9341928,-0.2743377,-0.04369826,0.92487526,-0.8467319
419,-0.24292952,0.21959895,-0.77913916,-0.09012684,0.20133214,-0.23535475
420,-0.27758205,-0.86315334,-0.69188374,-0.08097118,-0.27240464,0.17859797
421,-0.08353253,0.8049318,1.1229894,-0.083114915,0.5998311,-0.50085723
422,1.1813018,1.1032745,0.32750648,-0.053833015,1.6082054,-1.541556
423,-0.22467148,-0.026299156,0.80689085,-0.07003787,0.24385881,-0.31806135
424,-0.24949735,0.20701349,-1.2053818,-0.06766439,0.14645301,-0.17576684
425,1.4513984,0.696201,-0.5702765,-0.07889534,1.6384295,-1.7129809
426,-0.275957,-0.83258975,-0.49482176,-0.081923,-0.2654482,0.17589946
427,-0.3338183,-0.20215198,-0.54170233,-0.06998158,-0.9145168,0.9264736
428,1.9725946,1.343874,0.39791983,-0.029350229,1.9460193,-1.8354069
429,1.2325994,0.69874257,0.3365809,-0.046360143,1.5693783,-1.6383368
430,-0.28301668,0.3397647,0.07852138,-0.08121082,0.1022818,-0.12119675
431,1.195423,1.5498015,1.8274674,-0.076172,1.6759565,-1.4996101
432,-0.55550474,0.5631649,-0.5169204,-0.06512735,-1.1790881,1.3158855
433,-0.22457175,0.4511102,1.4928222,-0.07256663,0.29702708,-0.26633823
434,-1.5194218,1.0792196,-0.06317303,0.6176932,-2.1067474,2.4403894
435,-0.30130127,-1.6562203,-0.42624548,-0.08018775,-0.7458632,0.6130853
436,-0.28507742,0.43810824,1.8611863,-0.06833234,0.08213652,-0.034709577
437,-0.12520654,0.23589504,0.88978183,-0.065540224,0.47062758,-0.5127462
438,0.022253625,0.8421145,1.4710882,-0.06402392,0.7673197,-0.69519794
439,-0.27703825,-0.90387744,1.4065809,-0.0749398,-0.47039834,0.4163056
440,-0.38745373,0.1422902,-0.38436905,-0.093922324,-1.0654408,1.1341292
441,-0.309513,-1.2489547,0.36040416,-0.07155666,-0.72674155,0.63554657
442,-0.30610034,-0.5929104,0.82124,-0.056121126,-0.836444,0.81025875
443,0.27440268,1.0052583,0.9461024,-0.052066363,1.0462339,-0.95333
444,4.392108,1.6144581,0.08847197,-0.0033978894,2.6299543,-2.4606974
445,0.47143596,0.7759387,1.0679888,-0.06681497,1.2004026,-1.1757029
446,-0.21680428,0.23208359,0.8583648,-0.07776876,0.3017261,-0.341161
447,-0.23760986,-0.1503784,0.15139517,-0.07361713,0.19355984,-0.29921117
448,-0.2751826,-0.58430713,-0.8524823,-0.08250448,-0.3414446,0.27467018
449,0.57655096,1.024419,0.15592623,-0.04766489,1.2670296,-1.1839939
450,-0.28239244,-0.92598456,0.07886355,-0.08349764,-0.39298508,0.3098071
451,0.61763734,1.0987883,-0.7737513,-0.079193,1.3266147,-1.2264179
452,-0.36450586,-0.25189856,-1.3121006,-0.085384525,-1.0803325,1.0927997
453,-0.31738704,-1.3643636,-2.2505426,-0.06691027,-0.35596356,0.16146809
454,-0.2700617,-0.10319965,-1.0234649,-0.070587344,-0.10716444,0.04819485
455,-0.16777806,0.106349505,-1.7264683,-0.082120635,0.37826785,-0.41586405
456,-0.27401456,-0.67661905,-0.49749222,-0.08255187,-0.27149656,0.19596612
457,-0.18223162,0.010740288,-0.76272565,-0.06999582,0.43297762,-0.47507688
458,-0.27474838,-0.75126165,-0.46503624,-0.08238787,-0.26762295,0.18564089
459,-0.3019006,-0.85680157,0.913959,-0.05310771,-0.8303423,0.7802648
460,-0.02115855,0.7237544,-0.3666604,-0.05335913,0.69297016,-0.6330712
461,-0.29859418,-0.95325685,-0.97304976,-0.07424586,-0.75275457,0.672955
462,0.018681876,0.552592,1.0743014,-0.06438478,0.73258436,-0.7162208
463,-0.18407497,0.15865782,-0.57198536,-0.07314904,0.44674164,-0.4609378
464,-0.3005919,-1.0769479,0.77291596,-0.05485546,-0.8273773,0.74657404
465,-0.30058926,-0.9505969,0.7870662,-0.052691005,-0.83860385,0.7689598
466,-0.26925522,0.056227252,1.0864565,-0.081559636,0.028889455,-0.040517557
467,-0.3019159,-1.6690239,-1.6791153,-0.050189696,-0.818161,0.6510775
468,0.7790583,0.78979594,0.814383,-0.0714081,1.4029261,-1.3924531
469,-0.29484355,-0.512185,0.83430624,-0.05505369,-0.17952818,0.1136616
470,-0.270558,-0.2606624,-0.69655716,-0.07651533,-0.12682256,0.05751572
471,0.43985808,1.003817,0.048695557,-0.04725731,1.154956,-1.0713089
472,-0.005609013,0.5357837,0.41919467,-0.05935616,0.69847655,-0.6979034
473,-0.18292592,0.28452092,-0.10865811,-0.07635652,0.47522274,-0.4644584
474,-0.26425293,-0.14574748,0.10105439,-0.082351655,0.055003192,-0.15773517
475,-0.2744494,-0.4034792,-0.8465272,-0.08276589,-0.31194338,0.25814947
476,-0.066835344,0.32069862,-0.6218048,-0.059545852,0.65792346,-0.6868597
477,-0.2883479,-1.2563128,0.87416965,-0.058698744,-0.71099806,0.60929435
478,0.19221835,0.73488283,1.161012,-0.05160395,0.95746326,-0.9371342
479,0.025691014,-0.12786874,-1.0404453,-0.046663173,0.71216714,-0.8369986
480,-0.22158639,0.71344864,1.6613874,-0.08656844,0.30359724,-0.24344987
481,-0.27326882,-0.7375477,-2.047942,-0.0535981,-0.10978168,-0.042265955
482,-0.28744277,-1.77212,-0.35939947,-0.08484029,-0.52654994,0.3719295
483,-0.29277486,-0.28521228,1.3668019,-0.059526883,-0.18815914,0.1537911
484,-2.2988927,0.92475647,-0.6915314,16.954433,-2.4000876,2.6929424
485,0.12559131,0.89401346,-0.88278264,-0.060598172,0.8877852,-0.812699
486,-0.19551204,-0.104153,-1.4071653,-0.088512786,0.3046424,-0.3914507
487,-0.67969567,0.5917612,-0.7968101,-0.07631207,-1.4986571,1.6917452
488,3.1526375,0.86271966,-0.8430045,-0.09090061,2.192406,-2.2463405
489,0.34343058,1.0444978,-0.51092595,-0.055357672,1.0895814,-0.99357706
490,-0.24148415,0.09022831,0.28974646,-0.066281855,0.23367175,-0.28421834
491,-0.28906772,-1.423596,0.41352698,-0.07871113,-0.5165396,0.39691174
492,-0.26697135,-0.127294,-1.1278679,-0.06433211,-0.06912038,0.0024963282
493,-0.3421457,-0.21588996,0.15041488,-0.0689211,-1.0064902,1.0206661
494,-0.33908564,-2.3749235,-1.5714624,-0.060394097,-0.6353004,0.42852283
495,-0.39304435,0.07338918,0.12206154,-0.09475524,-1.1586968,1.2219106
496,-0.33222076,-0.5654573,-0.11462302,-0.07102781,-0.8493973,0.82948756
497,0.46115962,1.0718104,1.1768253,-0.058558293,1.2016768,-1.1107454
498,0.9943995,0.9384399,-1.0651826,-0.08497573,1.4867511,-1.4571242
499,-0.27708462,-0.82679546,1.0134544,-0.065624595,-0.489314,0.4401257
500,-0.25794083,0.0044460967,-0.49808872,-0.08749017,0.10093941,-0.1788229
501,-0.2748905,-1.0375139,1.1428646,-0.068832435,-0.48005536,0.40979475
502,-0.30600658,-0.6243661,0.9964006,-0.05675979,-0.8248515,0.80730003
503,-0.2257616,0.43005857,1.4516801,-0.07273889,0.29369473,-0.26770893
504,-0.23943168,0.28095222,-0.92305017,-0.093441054,0.19354159,-0.22015147
505,-0.3000291,-2.0696735,-0.9870332,-0.07200457,-0.5642539,0.37416056
506,-0.111480534,0.7289246,1.0513426,-0.08863931,0.5136428,-0.43890747
507,0.956964,0.77492386,-0.8490121,-0.06806857,1.4494125,-1.4748157
508,-0.03881521,0.50789076,-1.3384753,-0.07336096,0.6561749,-0.63693845
509,-0.48637128,0.0043781176,0.07700618,-0.13814431,-1.4612014,1.5666821
510,-0.29257306,-2.3551764,0.955855,-0.068756156,-0.73734486,0.54421324
511,-0.52858704,0.3187056,-1.630973,-0.072079904,-1.3687373,1.5127591
512,0.51317406,1.1141666,1.4286479,-0.063147254,1.2451237,-1.1548404
513,0.825676,0.9539903,1.01448,-0.09185285,1.448301,-1.3899453
514,0.52569133,1.1836292,1.4265265,-0.061025925,1.2578299,-1.1520058
515,-0.32841536,-0.098744236,0.6400007,-0.06614093,-0.9932033,1.0158513
516,-0.3973571,0.45964894,1.720784,-0.084522255,-1.0754826,1.2093761
517,0.6135162,1.136727,-0.471613,-0.065536626,1.3211498,-1.2148527
518,-0.34800628,0.12326131,0.7501656,-0.07573611,-1.0958179,1.15705
519,-0.28733292,-1.5990604,-0.72519976,-0.08124252,-0.41299745,0.26290452
520,1.7844638,1.4248728,1.6055703,-0.06251455,1.8884931,-1.790183
521,-0.37084994,0.023373403,-1.2729241,-0.08088068,-1.0493721,1.0914487
522,-0.24639413,-0.026265524,-0.8920628,-0.08016935,0.10805087,-0.19016415
523,-1.9851732,1.0905367,-0.8985064,3.8524544,-2.1766145,2.4769235
524,-0.27243823,0.20327896,-0.83757925,-0.0682178,-0.08649525,0.07076317
525,0.060223993,1.1502692,1.3153689,-0.06476385,0.8505664,-0.7020997
526,-0.5564684,0.27056506,-0.85383487,-0.11957765,-1.4783058,1.6321038
527,-0.31230104,-1.3193884,-0.35392028,-0.079285465,-0.7996026,0.7047176
528,-0.25808033,0.1822615,-0.565803,-0.092692226,0.114696845,-0.16252175
529,-0.33427733,0.4332281,-0.24201643,-0.060074933,-0.0870588,0.0999192
530,-0.0756284,0.22514755,-1.3768032,-0.06351069,0.59579885,-0.62359744
531,0.5131389,0.8785586,0.97000086,-0.062402792,1.2386457,-1.189439
532,-0.4242463,-4.60749,-0.03466872,0.040765755,-1.0300136,0.63735574
533,-0.26183033,0.34451023,-0.6841426,-0.092028305,0.13539834,-0.15292373
534,-0.34597915,-2.77662,-1.2308435,-0.06340742,-0.687086,0.45550808
535,0.020268943,0.8524911,1.4942081,-0.064656325,0.76514757,-0.6902288
536,0.067763105,0.9747719,0.8927948,-0.058559306,0.84109354,-0.73111534
537,0.02325315,0.6661062,1.2117537,-0.064074315,0.7507465,-0.71114147
538,-0.23910214,0.1592527,0.6270628,-0.07707778,0.25025427,-0.296612
539,-0.2766316,-0.5892413,-1.084171,-0.080676004,-0.31002474,0.23854584
540,-0.063623816,0.3520446,-1.3616055,-0.068393596,0.6185529,-0.6251254
541,-0.32223508,-0.42478532,0.9414718,-0.06310954,-0.9587251,0.96446633
542,-0.17155887,0.7262643,-0.75073975,-0.060633637,0.45530862,-0.35929102
543,0.3192333,0.61739707,-1.6022909,-0.0913376,1.0448691,-1.0366162
544,0.002601292,1.0744665,1.7072632,-0.065960385,0.78995645,-0.659217
545,-0.28587177,0.41767946,1.8310041,-0.06687507,0.07930095,-0.03207018
546,-0.28404307,-2.2281952,1.4800673,-0.059572734,-0.7484524,0.5792603
547,0.639899,0.89846456,-1.3373768,-0.09695322,1.3033241,-1.2500522
548,-0.28766853,-1.6984975,1.8464612,-0.070544794,-0.694656,0.580501
549,-0.08518126,0.7407335,0.2690732,-0.06515301,0.6057112,-0.52055895
550,-0.29166785,-1.2939705,-1.7100234,-0.07227141,-0.30182663,0.14978346
551,-0.27042457,-0.4085705,-0.24063814,-0.079717554,-0.13848253,0.07248327
552,-0.29431558,-1.2264085,-1.3084099,-0.063940205,-0.7930902,0.6765053
553,-0.2852798,-1.9270535,1.5496233,-0.06296454,-0.7170557,0.57748556
554,-0.103408724,0.35317,0.46656266,-0.07925487,0.56162214,-0.5599848
555,0.14083312,0.747954,-0.8884137,-0.06428791,0.90676534,-0.87083393
556,-0.3010143,-0.8443706,1.070583,-0.053775176,-0.8051244,0.766962
557,1.5987962,0.95650154,-1.5276337,-0.06537039,1.7226081,-1.714155
558,0.3163478,0.94395095,0.103123955,-0.040849574,1.0434586,-0.96897084
559,-0.033433553,0.39856854,-1.4771464,-0.07140695,0.650723,-0.65092766
560,-0.279035,-0.08328497,0.6134488,-0.05870542,-0.14281082,0.123891115
561,-0.28817165,-1.6428493,-0.6796403,-0.08291417,-0.56260204,0.4171453
562,0.49701738,0.9573172,1.2792413,-0.06526459,1.2269591,-1.1678072
563,-0.29664826,-1.1157151,-0.98508435,-0.07297859,-0.7512759,0.6545716
564,1.1685065,1.0471221,0.013916455,-0.064112075,1.5958737,-1.5490617
565,-0.27915525,-1.102873,-0.42629585,-0.08381529,-0.38462782,0.27934915
566,-0.28032285,-0.65382236,0.22048274,-0.07828667,-0.3856051,0.3239488
567,0.1315705,0.9549846,-0.7942006,-0.057103135,0.89322627,-0.80373013
568,-0.30806768,-3.03048,0.80587864,-0.07979063,-0.7931808,0.5529972
569,-0.15652132,0.8426375,-0.54950285,-0.027415909,0.47349927,-0.34401315
570,5.441945,1.5833632,0.4275063,-0.001623936,2.8342302,-2.6830416
571,-0.29404193,-1.2002269,-1.140547,-0.06894715,-0.76097095,0.6509947
572,-0.3969348,-0.2508354,-0.13386923,-0.09956569,-1.1493073,1.1914935
573,-0.238548,0.0023832992,-1.4553695,-0.062145777,0.11542025,-0.18431067
574,0.0026900806,0.8754644,1.3356146,-0.06689445,0.75835,-0.66579354
575,-0.28306553,-1.2745024,0.55174774,-0.07276747,-0.5235735,0.41307718
576,-0.27970138,-0.8087493,-1.1225494,-0.08043261,-0.3431376,0.25404197
577,-0.3596255,-2.447946,-1.900665,-0.058350246,-0.64247084,0.4128278
578,-0.2726392,-0.92107207,1.3484828,-0.07667145,-0.41794446,0.35734943
579,-0.27111337,0.10402537,-0.091154434,-0.07780505,-0.11277093,0.09193389
580,-1.7034004,1.1868042,0.4685357,1.4278347,-2.0879,2.4388576
581,-0.3144977,-1.4576206,-2.044706,-0.070864156,-0.31983158,0.124345124
582,-0.17627658,0.2688385,-0.90423834,-0.07453231,0.44870865,-0.4432961
583,-0.32296172,-0.42093727,0.8635972,-0.062949516,-0.97243845,0.9734473
584,-0.2292913,0.17034501,-1.1110425,-0.09761679,0.17346108,-0.22578923
585,-0.1881435,0.09279055,-0.25486663,-0.07298991,0.45345226,-0.47962624
586,-0.27786908,-0.14158505,0.48771843,-0.060307384,-0.14952005,0.1175058
587,-0.12687564,0.15253457,-0.83517957,-0.06608316,0.55882156,-0.5883819
588,0.20032111,0.52518153,0.8475661,-0.047471084,0.9412631,-0.97780997
589,-0.27448356,0.19133958,-0.03941779,-0.0834302,0.091455325,-0.13878451
590,-0.24339229,0.16968691,-1.163832,-0.07897618,0.13386269,-0.17782062
591,-0.4496506,0.1653451,-1.4146026,-0.0792541,-1.218196,1.3046172
592,-0.8282582,0.5580676,-1.3705591,0.04088705,-1.7317194,1.9547498
593,8.80663,1.6577812,0.19215754,-0.03160686,3.593238,-3.4541357
594,-0.28567818,-1.4748005,0.48668846,-0.07755299,-0.5092617,0.38335526
595,-0.18605237,0.4520454,-0.93159163,-0.07927673,0.4046065,-0.37266666
596,-0.35257855,-0.36893675,-1.4591134,-0.080905266,-1.0453683,1.0372756
597,-0.32093444,-0.9933728,0.18887684,-0.07112139,-0.790676,0.72799885
598,-0.2855193,-1.9207447,1.7298374,-0.06738774,-0.7059746,0.56829
599,-0.23542714,0.42824796,1.0131451,-0.08143842,0.2696895,-0.26050198
